Model,F1 Score,PR-AUC
Pipeline A,0.10588235294117647,0.48231566041891616
Pipeline B,0.13333333333333333,0.46792017688211207
L1 Regularization,0.08333333333333333,0.4806079529273001
L2 Regularization,0.10588235294117647,0.48231566041891616
Elastic Net,0.09467455621301775,0.48118346474924956
SMOTE,0.5665198237885463,0.7043385442658686
Class Weighted,0.36964504283965727,0.4720315969893431
